﻿<?xml version="1.0" encoding="utf-8" ?>
<Advertisements>
  <Ad>
    <ImageUrl>/images/2.jpg</ImageUrl>
    <NavigateUrl>http://localhost:51305/custinfo.aspx</NavigateUrl>
    <AlternateText>Images</AlternateText>
    <Impressions>1</Impressions>
    <Keyword>Dresses</Keyword>
  </Ad>
  <Ad>
  <ImageUrl>/images/1.jpg</ImageUrl>
  <NavigateUrl>http://localhost:51305/custinfo.aspx</NavigateUrl>
  <AlternateText>Images</AlternateText>
  <Impressions>1</Impressions>
  <Keyword>Dresses</Keyword>
  </Ad>
  <Ad>
  <ImageUrl>/images/3.jpg</ImageUrl>
  <NavigateUrl>http://localhost:51305/custinfo.aspx</NavigateUrl>
  <AlternateText>Images</AlternateText>
  <Impressions>1</Impressions>
  <Keyword>Dresses</Keyword>
  </Ad>
  <Ad>
  <ImageUrl>/images/4.jpg</ImageUrl>
  <NavigateUrl>http://localhost:51305/custinfo.aspx</NavigateUrl>
  <AlternateText>Images</AlternateText>
  <Impressions>1</Impressions>
  <Keyword>Dresses</Keyword>
  </Ad>
  <Ad>
    <ImageUrl>/images/5.jpg</ImageUrl>
    <NavigateUrl>http://localhost:51305/custinfo.aspx</NavigateUrl>
    <AlternateText>Images</AlternateText>
    <Impressions>1</Impressions>
    <Keyword>Dresses</Keyword>
  </Ad>
  <Ad>
    <ImageUrl>/images/6.jpg</ImageUrl>
    <NavigateUrl>http://localhost:51305/custinfo.aspx</NavigateUrl>
    <AlternateText>Images</AlternateText>
    <Impressions>1</Impressions>
    <Keyword>Dresses</Keyword>
  </Ad>
  <Ad>
    <ImageUrl>/images/7.jpg</ImageUrl>
    <NavigateUrl>http://localhost:51305/custinfo.aspx</NavigateUrl>
    <AlternateText>Images</AlternateText>
    <Impressions>1</Impressions>
    <Keyword>Dresses</Keyword>
  </Ad>
  <Ad>
    <ImageUrl>/images/8.jpg</ImageUrl>
    <NavigateUrl>http://localhost:51305/custinfo.aspx</NavigateUrl>
    <AlternateText>Images</AlternateText>
    <Impressions>1</Impressions>
    <Keyword>Dresses</Keyword>
  </Ad>
</Advertisements>